"Timestamp","Temperature(Fahrenheit)"
"06/10/2023 6:21:23 PM","41.90"
"06/10/2023 6:13:11 PM","41.00"
"06/10/2023 6:10:53 PM","41.90"
"06/10/2023 6:05:47 PM","41.00"
"06/10/2023 6:01:29 PM","40.10"
"06/10/2023 5:56:53 PM","41.00"
"06/10/2023 5:56:47 PM","41.90"
"06/10/2023 5:56:41 PM","41.00"
"06/10/2023 5:56:35 PM","41.90"
"06/10/2023 5:56:29 PM","41.00"
"06/10/2023 5:56:13 PM","41.90"
"06/10/2023 5:53:05 PM","41.90"
"06/10/2023 5:52:59 PM","42.80"
"06/10/2023 5:52:53 PM","41.90"
"06/10/2023 5:52:47 PM","42.80"
"06/10/2023 5:52:35 PM","41.90"
"06/10/2023 5:52:23 PM","42.80"
"06/10/2023 5:46:16 PM","41.90"
"06/10/2023 5:46:10 PM","41.00"
"06/10/2023 5:45:58 PM","41.90"
"06/10/2023 5:45:52 PM","41.00"
"06/10/2023 5:45:46 PM","41.90"
"06/10/2023 5:45:40 PM","41.00"
"06/10/2023 5:45:34 PM","41.90"
"06/10/2023 5:40:46 PM","41.00"
"06/10/2023 5:40:40 PM","40.10"
"06/10/2023 5:40:34 PM","41.00"
"06/10/2023 5:39:28 PM","40.10"
"06/10/2023 5:39:22 PM","41.00"
"06/10/2023 5:39:04 PM","40.10"
"06/10/2023 5:35:22 PM","41.00"
"06/10/2023 5:35:16 PM","41.90"
"06/10/2023 5:34:58 PM","41.00"
"06/10/2023 5:31:16 PM","41.90"
"06/10/2023 5:31:10 PM","41.00"
"06/10/2023 5:31:04 PM","41.90"
"06/10/2023 5:30:58 PM","41.00"
"06/10/2023 5:30:52 PM","41.90"
"06/10/2023 5:25:58 PM","41.00"
"06/10/2023 5:25:52 PM","40.10"
"06/10/2023 5:25:46 PM","41.00"
"06/10/2023 5:23:58 PM","40.10"
"06/10/2023 5:23:46 PM","41.00"
"06/10/2023 5:23:40 PM","40.10"
"06/10/2023 5:19:58 PM","41.00"
"06/10/2023 5:19:52 PM","41.90"
"06/10/2023 5:19:46 PM","41.00"
"06/10/2023 5:14:40 PM","41.90"
"06/10/2023 5:14:34 PM","41.00"
"06/10/2023 5:14:22 PM","41.90"
"06/10/2023 5:13:16 PM","41.00"
"06/10/2023 5:04:04 PM","41.00"
"06/10/2023 5:03:58 PM","41.90"
"06/10/2023 4:58:46 PM","41.00"
"06/10/2023 4:58:34 PM","40.10"
"06/10/2023 4:58:28 PM","41.00"
"06/10/2023 4:52:40 PM","40.10"
"06/10/2023 4:48:28 PM","41.00"
"06/10/2023 4:42:52 PM","41.90"
"06/10/2023 4:42:46 PM","41.00"
"06/10/2023 4:42:34 PM","41.90"
"06/10/2023 4:33:16 PM","41.00"
"06/10/2023 4:33:10 PM","41.90"
"06/10/2023 4:33:04 PM","41.00"
"06/10/2023 4:32:40 PM","41.90"
"06/10/2023 4:27:29 PM","41.00"
"06/10/2023 4:20:46 PM","40.10"
"06/10/2023 4:16:22 PM","41.00"
"06/10/2023 4:10:46 PM","41.90"
"06/10/2023 4:10:40 PM","41.00"
"06/10/2023 4:10:28 PM","41.90"
"06/10/2023 4:10:10 PM","41.00"
"06/10/2023 4:10:04 PM","41.90"
"06/10/2023 4:05:52 PM","41.00"
"06/10/2023 4:05:46 PM","40.10"
"06/10/2023 4:05:40 PM","41.00"
"06/10/2023 4:00:47 PM","40.10"
"06/10/2023 3:56:11 PM","41.00"
"06/10/2023 3:56:05 PM","41.90"
"06/10/2023 3:55:59 PM","41.00"
"06/10/2023 3:49:53 PM","41.90"
"06/10/2023 3:49:47 PM","41.00"
"06/10/2023 3:49:41 PM","41.90"
"06/10/2023 3:41:11 PM","41.00"
"06/10/2023 3:41:05 PM","41.90"
"06/10/2023 3:40:59 PM","41.00"
"06/10/2023 3:39:47 PM","41.90"
"06/10/2023 3:39:41 PM","41.00"
"06/10/2023 3:39:35 PM","41.90"
"06/10/2023 3:33:59 PM","41.00"
"06/10/2023 3:29:11 PM","40.10"
"06/10/2023 3:24:41 PM","41.00"
"06/10/2023 3:18:23 PM","41.90"
"06/10/2023 3:18:17 PM","41.00"
"06/10/2023 3:18:11 PM","41.90"
"06/10/2023 3:18:05 PM","41.00"
"06/10/2023 3:17:59 PM","41.90"
"06/10/2023 3:09:59 PM","41.00"
"06/10/2023 3:07:29 PM","41.90"
"06/10/2023 3:02:53 PM","41.00"
"06/10/2023 3:02:41 PM","40.10"
"06/10/2023 3:02:35 PM","41.00"
"06/10/2023 2:57:59 PM","40.10"
"06/10/2023 2:53:47 PM","41.00"
"06/10/2023 2:53:41 PM","41.90"
"06/10/2023 2:53:29 PM","41.00"
"06/10/2023 2:46:53 PM","41.90"
"06/10/2023 2:46:47 PM","41.00"
"06/10/2023 2:46:35 PM","41.90"
"06/10/2023 2:38:47 PM","41.00"
"06/10/2023 2:38:41 PM","41.90"
"06/10/2023 2:38:35 PM","41.00"
"06/10/2023 2:36:29 PM","41.90"
"06/10/2023 2:36:17 PM","41.00"
"06/10/2023 2:36:11 PM","41.90"
"06/10/2023 2:31:29 PM","41.00"
"06/10/2023 2:26:47 PM","40.10"
"06/10/2023 2:26:41 PM","41.00"
"06/10/2023 2:26:35 PM","40.10"
"06/10/2023 2:22:35 PM","41.00"
"06/10/2023 2:22:23 PM","41.90"
"06/10/2023 2:22:17 PM","41.00"
"06/10/2023 2:16:17 PM","41.90"
"06/10/2023 2:16:11 PM","41.00"
"06/10/2023 2:15:53 PM","41.90"
"06/10/2023 2:07:41 PM","41.00"
"06/10/2023 2:07:29 PM","41.90"
"06/10/2023 2:07:23 PM","41.00"
"06/10/2023 2:05:29 PM","41.90"
"06/10/2023 2:00:17 PM","41.00"
"06/10/2023 2:00:11 PM","40.10"
"06/10/2023 2:00:05 PM","41.00"
"06/10/2023 1:56:14 PM","40.10"
"06/10/2023 1:55:53 PM","40.10"
"06/10/2023 1:51:23 PM","41.00"
"06/10/2023 1:44:11 PM","41.90"
"06/10/2023 1:44:05 PM","41.00"
"06/10/2023 1:43:53 PM","41.90"
"06/10/2023 1:37:11 PM","41.00"
"06/10/2023 1:37:05 PM","41.90"
"06/10/2023 1:36:59 PM","41.00"
"06/10/2023 1:33:35 PM","41.90"
"06/10/2023 1:33:29 PM","41.00"
"06/10/2023 1:33:23 PM","41.90"
"06/10/2023 1:28:35 PM","41.00"
"06/10/2023 1:28:29 PM","40.10"
"06/10/2023 1:28:17 PM","41.00"
"06/10/2023 1:25:29 PM","40.10"
"06/10/2023 1:25:23 PM","41.00"
"06/10/2023 1:25:17 PM","40.10"
"06/10/2023 1:21:35 PM","41.00"
"06/10/2023 1:21:29 PM","41.90"
"06/10/2023 1:21:17 PM","41.00"
"06/10/2023 1:21:05 PM","41.90"
"06/10/2023 1:20:59 PM","41.00"
"06/10/2023 1:13:41 PM","41.90"
"06/10/2023 1:13:29 PM","41.00"
"06/10/2023 1:13:23 PM","41.90"
"06/10/2023 1:06:47 PM","41.00"
"06/10/2023 1:06:23 PM","41.90"
"06/10/2023 1:06:17 PM","41.00"
"06/10/2023 1:02:47 PM","41.90"
"06/10/2023 12:57:35 PM","41.00"
"06/10/2023 12:55:29 PM","40.10"
"06/10/2023 12:51:11 PM","41.00"
"06/10/2023 12:43:18 PM","41.90"
"06/10/2023 12:38:24 PM","41.00"
"06/10/2023 12:38:18 PM","40.10"
"06/10/2023 12:38:00 PM","41.00"
"06/10/2023 12:34:12 PM","40.10"
"06/10/2023 12:30:06 PM","41.00"
"06/10/2023 12:22:42 PM","41.90"
"06/10/2023 12:22:36 PM","41.00"
"06/10/2023 12:22:12 PM","41.90"
"06/10/2023 12:15:36 PM","41.00"
"06/10/2023 12:15:30 PM","41.90"
"06/10/2023 12:15:24 PM","41.00"
"06/10/2023 12:11:48 PM","41.90"
"06/10/2023 12:11:42 PM","41.00"
"06/10/2023 12:11:24 PM","41.90"
"06/10/2023 12:06:06 PM","41.00"
"06/10/2023 12:04:36 PM","40.10"
"06/10/2023 12:00:30 PM","41.00"
"06/10/2023 11:56:15 AM","41.90"
"06/10/2023 11:52:42 AM","41.90"
"06/10/2023 11:45:54 AM","41.00"
"06/10/2023 11:42:29 AM","41.90"
"06/10/2023 11:42:23 AM","41.00"
"06/10/2023 11:42:17 AM","41.90"
"06/10/2023 11:41:59 AM","41.00"
"06/10/2023 11:41:47 AM","41.90"
"06/10/2023 11:36:29 AM","41.00"
"06/10/2023 11:35:05 AM","40.10"
"06/10/2023 11:34:53 AM","41.00"
"06/10/2023 11:34:47 AM","40.10"
"06/10/2023 11:34:41 AM","41.00"
"06/10/2023 11:34:35 AM","40.10"
"06/10/2023 11:30:59 AM","41.00"
"06/10/2023 11:23:23 AM","41.90"
"06/10/2023 11:16:41 AM","41.00"
"06/10/2023 11:16:35 AM","41.90"
"06/10/2023 11:16:23 AM","41.00"
"06/10/2023 11:12:23 AM","41.90"
"06/10/2023 11:12:17 AM","41.00"
"06/10/2023 11:11:53 AM","41.90"
"06/10/2023 11:06:05 AM","41.00"
"06/10/2023 11:05:59 AM","40.10"
"06/10/2023 11:01:41 AM","41.00"
"06/10/2023 11:01:29 AM","41.90"
"06/10/2023 11:01:23 AM","41.00"
"06/10/2023 10:54:23 AM","41.90"
"06/10/2023 10:47:11 AM","41.00"
"06/10/2023 10:44:12 AM","41.90"
"06/10/2023 10:38:36 AM","41.00"
"06/10/2023 10:35:54 AM","40.10"
"06/10/2023 10:35:48 AM","41.00"
"06/10/2023 10:35:42 AM","40.10"
"06/10/2023 10:35:36 AM","41.00"
"06/10/2023 10:35:30 AM","40.10"
"06/10/2023 10:31:36 AM","41.00"
"06/10/2023 10:24:06 AM","41.90"
"06/10/2023 10:17:48 AM","41.00"
"06/10/2023 10:17:36 AM","41.90"
"06/10/2023 10:17:30 AM","41.00"
"06/10/2023 10:12:36 AM","41.90"
"06/10/2023 10:12:18 AM","41.00"
"06/10/2023 10:12:06 AM","41.90"
"06/10/2023 10:07:12 AM","41.00"
"06/10/2023 10:07:06 AM","40.10"
"06/10/2023 10:02:24 AM","41.00"
"06/10/2023 9:56:17 AM","41.90"
"06/10/2023 9:55:06 AM","41.90"
"06/10/2023 9:54:54 AM","41.00"
"06/10/2023 9:54:48 AM","41.90"
"06/10/2023 9:48:30 AM","41.00"
"06/10/2023 9:44:12 AM","41.90"
"06/10/2023 9:38:35 AM","41.00"
"06/10/2023 9:38:29 AM","40.10"
"06/10/2023 9:38:17 AM","41.00"
"06/10/2023 9:38:11 AM","40.10"
"06/10/2023 9:38:05 AM","41.00"
"06/10/2023 9:37:35 AM","40.10"
"06/10/2023 9:33:35 AM","41.00"
"06/10/2023 9:33:29 AM","41.90"
"06/10/2023 9:33:17 AM","41.00"
"06/10/2023 9:26:59 AM","41.90"
"06/10/2023 9:26:53 AM","41.00"
"06/10/2023 9:26:47 AM","41.90"
"06/10/2023 9:19:18 AM","41.00"
"06/10/2023 9:19:12 AM","41.90"
"06/10/2023 9:19:06 AM","41.00"
"06/10/2023 9:16:00 AM","41.90"
"06/10/2023 9:10:36 AM","41.00"
"06/10/2023 9:10:30 AM","40.10"
"06/10/2023 9:10:18 AM","41.00"
"06/10/2023 9:08:00 AM","40.10"
"06/10/2023 9:07:54 AM","41.00"
"06/10/2023 9:07:48 AM","40.10"
"06/10/2023 9:07:36 AM","41.00"
"06/10/2023 9:07:30 AM","40.10"
"06/10/2023 9:04:00 AM","41.00"
"06/10/2023 9:00:12 AM","41.90"
"06/10/2023 9:00:06 AM","42.80"
"06/10/2023 9:00:00 AM","41.90"
"06/10/2023 8:58:42 AM","42.80"
"06/10/2023 8:58:36 AM","41.90"
"06/10/2023 8:58:24 AM","42.80"
"06/10/2023 8:58:18 AM","41.90"
"06/10/2023 8:57:48 AM","42.80"
"06/10/2023 8:50:48 AM","41.90"
"06/10/2023 8:50:42 AM","41.00"
"06/10/2023 8:50:24 AM","41.90"
"06/10/2023 8:45:00 AM","41.00"
"06/10/2023 8:44:54 AM","40.10"
"06/10/2023 8:44:42 AM","41.00"
"06/10/2023 8:44:36 AM","40.10"
"06/10/2023 8:44:30 AM","41.00"
"06/10/2023 8:44:12 AM","40.10"
"06/10/2023 8:40:06 AM","41.00"
"06/10/2023 8:33:06 AM","41.90"
"06/10/2023 8:26:12 AM","41.00"
"06/10/2023 8:25:54 AM","41.90"
"06/10/2023 8:25:48 AM","41.00"
"06/10/2023 8:21:36 AM","41.90"
"06/10/2023 8:16:19 AM","41.00"
"06/10/2023 8:16:13 AM","40.10"
"06/10/2023 8:16:07 AM","41.00"
"06/10/2023 8:15:19 AM","40.10"
"06/10/2023 8:15:13 AM","41.00"
"06/10/2023 8:15:01 AM","40.10"
"06/10/2023 8:11:07 AM","41.00"
"06/10/2023 8:03:19 AM","41.90"
"06/10/2023 8:02:55 AM","41.00"
"06/10/2023 8:02:49 AM","41.90"
"06/10/2023 7:57:01 AM","41.00"
"06/10/2023 7:56:16 AM","41.90"
"06/10/2023 7:52:31 AM","41.90"
"06/10/2023 7:52:25 AM","41.00"
"06/10/2023 7:52:13 AM","41.90"
"06/10/2023 7:46:43 AM","41.00"
"06/10/2023 7:46:37 AM","40.10"
"06/10/2023 7:46:31 AM","41.00"
"06/10/2023 7:46:07 AM","40.10"
"06/10/2023 7:46:01 AM","41.00"
"06/10/2023 7:45:55 AM","40.10"
"06/10/2023 7:41:55 AM","41.00"
"06/10/2023 7:41:49 AM","41.90"
"06/10/2023 7:41:37 AM","41.00"
"06/10/2023 7:41:31 AM","41.90"
"06/10/2023 7:41:25 AM","41.00"
"06/10/2023 7:34:13 AM","41.90"
"06/10/2023 7:27:37 AM","41.00"
"06/10/2023 7:27:31 AM","41.90"
"06/10/2023 7:27:25 AM","41.00"
"06/10/2023 7:23:07 AM","41.90"
"06/10/2023 7:22:55 AM","41.00"
"06/10/2023 7:22:49 AM","41.90"
"06/10/2023 7:17:07 AM","41.00"
"06/10/2023 7:17:01 AM","40.10"
"06/10/2023 7:12:49 AM","41.00"
"06/10/2023 7:05:31 AM","41.90"
"06/10/2023 7:05:13 AM","41.00"
"06/10/2023 7:05:07 AM","41.90"
"06/10/2023 6:58:55 AM","41.00"
"06/10/2023 6:54:07 AM","41.90"
"06/10/2023 6:54:01 AM","41.00"
"06/10/2023 6:53:55 AM","41.90"
"06/10/2023 6:53:49 AM","41.00"
"06/10/2023 6:53:37 AM","41.90"
"06/10/2023 6:48:13 AM","41.00"
"06/10/2023 6:47:55 AM","40.10"
"06/10/2023 6:47:49 AM","41.00"
"06/10/2023 6:47:43 AM","40.10"
"06/10/2023 6:44:01 AM","41.00"
"06/10/2023 6:37:07 AM","41.90"
"06/10/2023 6:36:55 AM","41.00"
"06/10/2023 6:36:49 AM","41.90"
"06/10/2023 6:36:43 AM","41.00"
"06/10/2023 6:36:37 AM","41.90"
"06/10/2023 6:29:43 AM","41.00"
"06/10/2023 6:26:13 AM","41.90"
"06/10/2023 6:25:55 AM","41.00"
"06/10/2023 6:25:49 AM","41.90"
"06/10/2023 6:20:25 AM","41.00"
"06/10/2023 6:20:13 AM","40.10"
"06/10/2023 6:20:07 AM","41.00"
"06/10/2023 6:18:49 AM","40.10"
"06/10/2023 6:18:37 AM","41.00"
"06/10/2023 6:18:31 AM","40.10"
"06/10/2023 6:15:07 AM","41.00"
"06/10/2023 6:14:49 AM","41.90"
"06/10/2023 6:14:37 AM","41.00"
"06/10/2023 6:07:13 AM","41.90"
"06/10/2023 6:06:55 AM","41.00"
"06/10/2023 6:06:49 AM","41.90"
"06/10/2023 6:06:43 AM","41.00"
"06/10/2023 6:06:31 AM","41.90"
"06/10/2023 6:00:31 AM","41.00"
"06/10/2023 6:00:25 AM","41.90"
"06/10/2023 6:00:19 AM","41.00"
"06/10/2023 5:56:16 AM","41.90"
"06/10/2023 5:55:49 AM","41.90"
"06/10/2023 5:50:07 AM","41.00"
"06/10/2023 5:49:31 AM","40.10"
"06/10/2023 5:45:43 AM","41.00"
"06/10/2023 5:45:37 AM","41.90"
"06/10/2023 5:45:31 AM","41.00"
"06/10/2023 5:38:25 AM","41.90"
"06/10/2023 5:38:19 AM","41.00"
"06/10/2023 5:38:13 AM","41.90"
"06/10/2023 5:31:19 AM","41.00"
"06/10/2023 5:31:13 AM","41.90"
"06/10/2023 5:31:07 AM","41.00"
"06/10/2023 5:31:01 AM","41.90"
"06/10/2023 5:30:55 AM","41.00"
"06/10/2023 5:27:31 AM","41.90"
"06/10/2023 5:27:19 AM","41.00"
"06/10/2023 5:27:01 AM","41.90"
"06/10/2023 5:21:49 AM","41.00"
"06/10/2023 5:21:43 AM","40.10"
"06/10/2023 5:21:37 AM","41.00"
"06/10/2023 5:21:31 AM","40.10"
"06/10/2023 5:21:25 AM","41.00"
"06/10/2023 5:20:13 AM","40.10"
"06/10/2023 5:16:07 AM","41.00"
"06/10/2023 5:09:19 AM","41.90"
"06/10/2023 5:09:13 AM","41.00"
"06/10/2023 5:09:01 AM","41.90"
"06/10/2023 5:01:49 AM","41.00"
"06/10/2023 4:58:07 AM","41.90"
"06/10/2023 4:53:01 AM","41.00"
"06/10/2023 4:52:55 AM","40.10"
"06/10/2023 4:52:49 AM","41.00"
"06/10/2023 4:50:31 AM","40.10"
"06/10/2023 4:46:55 AM","41.00"
"06/10/2023 4:46:49 AM","41.90"
"06/10/2023 4:46:43 AM","41.00"
"06/10/2023 4:39:01 AM","41.90"
"06/10/2023 4:38:49 AM","41.00"
"06/10/2023 4:38:43 AM","41.90"
"06/10/2023 4:32:01 AM","41.00"
"06/10/2023 4:31:55 AM","41.90"
"06/10/2023 4:31:43 AM","41.00"
"06/10/2023 4:28:13 AM","41.90"
"06/10/2023 4:28:01 AM","41.00"
"06/10/2023 4:27:55 AM","41.90"
"06/10/2023 4:22:49 AM","41.00"
"06/10/2023 4:22:43 AM","40.10"
"06/10/2023 4:22:31 AM","41.00"
"06/10/2023 4:21:37 AM","40.10"
"06/10/2023 4:21:25 AM","41.00"
"06/10/2023 4:21:13 AM","40.10"
"06/10/2023 4:17:13 AM","41.00"
"06/10/2023 4:08:43 AM","41.90"
"06/10/2023 4:08:31 AM","41.00"
"06/10/2023 4:08:25 AM","41.90"
"06/10/2023 4:02:49 AM","41.00"
"06/10/2023 3:58:07 AM","41.90"
"06/10/2023 3:57:55 AM","41.00"
"06/10/2023 3:57:49 AM","41.90"
"06/10/2023 3:57:43 AM","41.00"
"06/10/2023 3:57:37 AM","41.90"
"06/10/2023 3:57:31 AM","41.00"
"06/10/2023 3:57:25 AM","41.90"
"06/10/2023 3:56:16 AM","41.00"
"06/10/2023 3:48:01 AM","41.00"
"06/10/2023 3:42:37 AM","41.90"
"06/10/2023 3:37:01 AM","41.00"
"06/10/2023 3:35:01 AM","40.10"
"06/10/2023 3:34:55 AM","41.00"
"06/10/2023 3:34:37 AM","40.10"
"06/10/2023 3:30:55 AM","41.00"
"06/10/2023 3:30:49 AM","41.90"
"06/10/2023 3:30:43 AM","41.00"
"06/10/2023 3:30:37 AM","41.90"
"06/10/2023 3:30:31 AM","41.00"
"06/10/2023 3:23:49 AM","41.90"
"06/10/2023 3:23:43 AM","41.00"
"06/10/2023 3:23:37 AM","41.90"
"06/10/2023 3:16:07 AM","41.00"
"06/10/2023 3:13:07 AM","41.90"
"06/10/2023 3:12:55 AM","41.00"
"06/10/2023 3:12:43 AM","41.90"
"06/10/2023 3:07:49 AM","41.00"
"06/10/2023 3:04:55 AM","40.10"
"06/10/2023 3:04:49 AM","41.00"
"06/10/2023 3:04:37 AM","40.10"
"06/10/2023 3:00:31 AM","41.00"
"06/10/2023 2:59:20 AM","41.90"
"06/10/2023 2:50:13 AM","41.90"
"06/10/2023 2:49:49 AM","41.00"
"06/10/2023 2:49:43 AM","41.90"
"06/10/2023 2:44:55 AM","41.00"
"06/10/2023 2:44:49 AM","40.10"
"06/10/2023 2:44:31 AM","41.00"
"06/10/2023 2:42:31 AM","40.10"
"06/10/2023 2:42:25 AM","41.00"
"06/10/2023 2:42:19 AM","40.10"
"06/10/2023 2:38:02 AM","41.00"
"06/10/2023 2:32:44 AM","41.90"
"06/10/2023 2:32:38 AM","41.00"
"06/10/2023 2:32:32 AM","41.90"
"06/10/2023 2:32:20 AM","41.00"
"06/10/2023 2:23:08 AM","41.00"
"06/10/2023 2:22:20 AM","41.90"
"06/10/2023 2:22:14 AM","41.00"
"06/10/2023 2:22:08 AM","41.90"
"06/10/2023 2:16:26 AM","41.00"
"06/10/2023 2:16:20 AM","40.10"
"06/10/2023 2:16:14 AM","41.00"
"06/10/2023 2:12:11 AM","40.10"
"06/10/2023 2:12:02 AM","41.00"
"06/10/2023 2:11:50 AM","40.10"
"06/10/2023 2:07:27 AM","41.00"
"06/10/2023 2:03:44 AM","41.90"
"06/10/2023 2:03:38 AM","42.80"
"06/10/2023 2:03:32 AM","41.90"
"06/10/2023 2:00:26 AM","42.80"
"06/10/2023 2:00:20 AM","41.90"
"06/10/2023 2:00:14 AM","42.80"
"06/10/2023 2:00:02 AM","41.90"
"06/10/2023 1:59:56 AM","42.80"
"06/10/2023 1:56:17 AM","41.90"
"06/10/2023 1:53:02 AM","41.90"
"06/10/2023 1:47:50 AM","41.00"
"06/10/2023 1:47:38 AM","40.10"
"06/10/2023 1:47:32 AM","41.00"
"06/10/2023 1:47:26 AM","40.10"
"06/10/2023 1:47:20 AM","41.00"
"06/10/2023 1:43:56 AM","40.10"
"06/10/2023 1:40:02 AM","41.00"
"06/10/2023 1:39:56 AM","41.90"
"06/10/2023 1:39:50 AM","41.00"
"06/10/2023 1:33:14 AM","41.90"
"06/10/2023 1:33:08 AM","41.00"
"06/10/2023 1:33:02 AM","41.90"
"06/10/2023 1:25:32 AM","41.00"
"06/10/2023 1:25:26 AM","41.90"
"06/10/2023 1:25:20 AM","41.00"
"06/10/2023 1:25:08 AM","41.90"
"06/10/2023 1:24:56 AM","41.00"
"06/10/2023 1:22:26 AM","41.90"
"06/10/2023 1:17:14 AM","41.00"
"06/10/2023 1:17:08 AM","40.10"
"06/10/2023 1:17:02 AM","41.00"
"06/10/2023 1:13:38 AM","40.10"
"06/10/2023 1:09:32 AM","41.00"
"06/10/2023 1:02:32 AM","41.90"
"06/10/2023 12:54:38 AM","41.00"
"06/10/2023 12:51:50 AM","41.90"
"06/10/2023 12:51:26 AM","41.00"
"06/10/2023 12:51:20 AM","41.90"
"06/10/2023 12:46:14 AM","41.00"
"06/10/2023 12:43:38 AM","40.10"
"06/10/2023 12:39:20 AM","41.00"
"06/10/2023 12:32:44 AM","41.90"
"06/10/2023 12:24:56 AM","41.00"
"06/10/2023 12:21:56 AM","41.90"
"06/10/2023 12:21:44 AM","41.00"
"06/10/2023 12:21:38 AM","41.90"
"06/10/2023 12:16:26 AM","41.00"
"06/10/2023 12:16:20 AM","40.10"
"06/10/2023 12:16:14 AM","41.00"
"06/10/2023 12:13:44 AM","40.10"
"06/10/2023 12:09:32 AM","41.00"
"06/10/2023 12:06:44 AM","41.90"
"06/10/2023 12:06:38 AM","41.00"
"06/10/2023 12:06:32 AM","41.90"
"06/10/2023 12:06:20 AM","41.00"
"06/10/2023 12:06:14 AM","41.90"
"06/10/2023 12:01:02 AM","41.00"
"06/09/2023 11:58:20 PM","40.10"
"06/09/2023 11:58:14 PM","41.00"
"06/09/2023 11:58:02 PM","40.10"
"06/09/2023 11:57:50 PM","41.00"
"06/09/2023 11:57:44 PM","40.10"
"06/09/2023 11:56:17 PM","41.00"
"06/09/2023 11:53:50 PM","41.00"
"06/09/2023 11:53:44 PM","41.90"
"06/09/2023 11:53:38 PM","41.00"
"06/09/2023 11:46:14 PM","41.90"
"06/09/2023 11:40:38 PM","41.00"
"06/09/2023 11:36:08 PM","40.10"
"06/09/2023 11:31:56 PM","41.00"
"06/09/2023 11:31:50 PM","41.90"
"06/09/2023 11:31:44 PM","41.00"
"06/09/2023 11:31:20 PM","41.90"
"06/09/2023 11:21:38 PM","41.90"
"06/09/2023 11:16:14 PM","41.00"
"06/09/2023 11:10:56 PM","40.10"
"06/09/2023 11:06:50 PM","41.00"
"06/09/2023 10:58:44 PM","41.90"
"06/09/2023 10:58:38 PM","41.00"
"06/09/2023 10:58:26 PM","41.90"
"06/09/2023 10:53:02 PM","41.00"
"06/09/2023 10:52:56 PM","40.10"
"06/09/2023 10:52:50 PM","41.00"
"06/09/2023 10:50:14 PM","40.10"
"06/09/2023 10:46:14 PM","41.00"
"06/09/2023 10:42:02 PM","41.90"
"06/09/2023 10:36:32 PM","41.00"
"06/09/2023 10:36:26 PM","40.10"
"06/09/2023 10:36:20 PM","41.00"
"06/09/2023 10:35:02 PM","40.10"
"06/09/2023 10:31:02 PM","41.00"
"06/09/2023 10:30:56 PM","41.90"
"06/09/2023 10:30:50 PM","41.00"
"06/09/2023 10:27:27 PM","41.90"
"06/09/2023 10:27:20 PM","41.00"
"06/09/2023 10:27:08 PM","41.90"
"06/09/2023 10:26:50 PM","41.00"
"06/09/2023 10:26:44 PM","41.90"
"06/09/2023 10:21:44 PM","41.00"
"06/09/2023 10:21:26 PM","40.10"
"06/09/2023 10:21:20 PM","41.00"
"06/09/2023 10:20:02 PM","40.10"
"06/09/2023 10:19:56 PM","41.00"
"06/09/2023 10:19:50 PM","40.10"
"06/09/2023 10:15:50 PM","41.00"
"06/09/2023 10:08:02 PM","41.90"
"06/09/2023 10:07:50 PM","41.00"
"06/09/2023 10:07:44 PM","41.90"
"06/09/2023 10:07:38 PM","41.00"
"06/09/2023 10:07:32 PM","41.90"
"06/09/2023 10:01:32 PM","41.00"
"06/09/2023 9:56:38 PM","41.90"
"06/09/2023 9:56:18 PM","41.00"
"06/09/2023 9:46:44 PM","41.00"
"06/09/2023 9:46:38 PM","41.90"
"06/09/2023 9:46:32 PM","41.00"
"06/09/2023 9:42:20 PM","41.90"
"06/09/2023 9:42:14 PM","42.80"
"06/09/2023 9:42:08 PM","41.90"
"06/09/2023 9:42:02 PM","42.80"
"06/09/2023 9:41:56 PM","41.90"
"06/09/2023 9:41:44 PM","42.80"
"06/09/2023 9:34:20 PM","41.90"
"06/09/2023 9:28:14 PM","41.00"
"06/09/2023 9:22:44 PM","40.10"
"06/09/2023 9:18:38 PM","41.00"
"06/09/2023 9:18:32 PM","40.10"
"06/09/2023 9:18:26 PM","41.00"
"06/09/2023 9:13:26 PM","40.10"
"06/09/2023 9:12:50 PM","39.20"
"06/09/2023 9:12:44 PM","40.10"
"06/09/2023 9:10:26 PM","39.20"
"06/09/2023 9:03:26 PM","40.10"
"06/09/2023 9:03:20 PM","39.20"
"06/09/2023 9:03:08 PM","40.10"
"06/09/2023 8:59:20 PM","39.20"
"06/09/2023 8:55:56 PM","38.30"
"06/09/2023 8:54:20 PM","37.40"
"06/09/2023 8:44:38 PM","37.40"
"06/09/2023 8:44:32 PM","38.30"
"06/09/2023 8:44:26 PM","37.40"
"06/09/2023 8:44:20 PM","38.30"
"06/09/2023 8:44:14 PM","37.40"
"06/09/2023 8:44:08 PM","38.30"
"06/09/2023 8:43:50 PM","37.40"
"06/09/2023 8:34:50 PM","38.30"
"06/09/2023 8:34:44 PM","39.20"
"06/09/2023 8:34:38 PM","38.30"
"06/09/2023 8:34:14 PM","39.20"
"06/09/2023 8:34:08 PM","38.30"
"06/09/2023 8:33:44 PM","39.20"
"06/09/2023 8:33:38 PM","38.30"
"06/09/2023 8:25:21 PM","39.20"
"06/09/2023 8:18:03 PM","40.10"
"06/09/2023 8:17:57 PM","41.00"
"06/09/2023 8:17:51 PM","40.10"
"06/09/2023 8:10:51 PM","41.00"
"06/09/2023 8:10:40 PM","41.90"
"06/09/2023 8:10:33 PM","41.00"
"06/09/2023 8:04:09 PM","41.90"
"06/09/2023 7:56:19 PM","42.80"
"06/09/2023 7:56:03 PM","42.80"
"06/09/2023 7:55:57 PM","43.70"
"06/09/2023 7:55:51 PM","42.80"
"06/09/2023 7:55:45 PM","43.70"
"06/09/2023 7:55:39 PM","42.80"
"06/09/2023 7:55:27 PM","43.70"
"06/09/2023 7:55:21 PM","42.80"
"06/09/2023 7:55:09 PM","43.70"
"06/09/2023 7:55:03 PM","42.80"
"06/09/2023 7:51:09 PM","43.70"
"06/09/2023 7:51:03 PM","42.80"
"06/09/2023 7:50:45 PM","43.70"
"06/09/2023 7:42:03 PM","42.80"
"06/09/2023 7:41:57 PM","41.90"
"06/09/2023 7:41:51 PM","42.80"
"06/09/2023 7:35:03 PM","41.90"
"06/09/2023 7:29:39 PM","41.00"
"06/09/2023 7:29:09 PM","40.10"
"06/09/2023 7:29:03 PM","41.00"
"06/09/2023 7:25:09 PM","40.10"
"06/09/2023 7:25:03 PM","41.00"
"06/09/2023 7:24:59 PM","40.10"
"06/09/2023 7:21:09 PM","41.00"
"06/09/2023 7:13:21 PM","41.90"
"06/09/2023 7:06:09 PM","41.00"
"06/09/2023 7:06:03 PM","41.90"
"06/09/2023 7:05:39 PM","41.00"
"06/09/2023 7:03:57 PM","41.90"
"06/09/2023 7:03:51 PM","41.00"
"06/09/2023 7:03:33 PM","41.90"
"06/09/2023 7:03:15 PM","41.00"
"06/09/2023 7:03:09 PM","41.90"
"06/09/2023 6:58:27 PM","41.00"
"06/09/2023 6:58:21 PM","40.10"
"06/09/2023 6:58:15 PM","41.00"
"06/09/2023 6:53:33 PM","40.10"
"06/09/2023 6:53:27 PM","41.00"
"06/09/2023 6:53:21 PM","40.10"
"06/09/2023 6:49:15 PM","41.00"
"06/09/2023 6:49:09 PM","41.90"
"06/09/2023 6:49:03 PM","41.00"
"06/09/2023 6:40:21 PM","41.90"
"06/09/2023 6:40:15 PM","41.00"
"06/09/2023 6:40:09 PM","41.90"
"06/09/2023 6:34:51 PM","41.00"
"06/09/2023 6:34:27 PM","41.90"
"06/09/2023 6:34:21 PM","41.00"
"06/09/2023 6:29:39 PM","41.90"
"06/09/2023 6:24:27 PM","41.00"
"06/09/2023 6:22:57 PM","40.10"
"06/09/2023 6:18:51 PM","41.00"
"06/09/2023 6:18:45 PM","41.90"
"06/09/2023 6:18:33 PM","41.00"
"06/09/2023 6:14:21 PM","41.90"
"06/09/2023 6:14:15 PM","41.00"
"06/09/2023 6:14:09 PM","41.90"
"06/09/2023 6:13:57 PM","41.00"
"06/09/2023 6:13:51 PM","41.90"
"06/09/2023 6:09:03 PM","41.00"
"06/09/2023 6:08:59 PM","40.10"
"06/09/2023 6:08:45 PM","41.00"
"06/09/2023 6:07:21 PM","40.10"
"06/09/2023 6:07:15 PM","41.00"
"06/09/2023 6:07:09 PM","40.10"
"06/09/2023 6:02:45 PM","41.00"
"06/09/2023 5:58:15 PM","41.90"
"06/09/2023 5:58:09 PM","41.00"
"06/09/2023 5:57:57 PM","41.90"
"06/09/2023 5:56:19 PM","41.00"
"06/09/2023 5:53:09 PM","41.00"
"06/09/2023 5:53:03 PM","40.10"
"06/09/2023 5:52:45 PM","41.00"
"06/09/2023 5:49:51 PM","40.10"
"06/09/2023 5:45:33 PM","41.00"
"06/09/2023 5:45:27 PM","41.90"
"06/09/2023 5:45:15 PM","41.00"
"06/09/2023 5:36:51 PM","41.90"
"06/09/2023 5:30:27 PM","41.00"
"06/09/2023 5:30:21 PM","41.90"
"06/09/2023 5:30:15 PM","41.00"
"06/09/2023 5:26:51 PM","41.90"
"06/09/2023 5:26:45 PM","41.00"
"06/09/2023 5:26:41 PM","41.90"
"06/09/2023 5:26:27 PM","41.00"
"06/09/2023 5:26:21 PM","41.90"
"06/09/2023 5:21:22 PM","41.00"
"06/09/2023 5:21:16 PM","40.10"
"06/09/2023 5:21:10 PM","41.00"
"06/09/2023 5:18:52 PM","40.10"
"06/09/2023 5:14:34 PM","41.00"
"06/09/2023 5:06:34 PM","41.90"
"06/09/2023 5:06:04 PM","41.00"
"06/09/2023 5:05:58 PM","41.90"
"06/09/2023 5:00:16 PM","41.00"
"06/09/2023 5:00:10 PM","41.90"
"06/09/2023 5:00:04 PM","41.00"
"06/09/2023 4:56:10 PM","41.90"
"06/09/2023 4:51:04 PM","41.00"
"06/09/2023 4:50:58 PM","40.10"
"06/09/2023 4:50:52 PM","41.00"
"06/09/2023 4:50:46 PM","40.10"
"06/09/2023 4:50:34 PM","41.00"
"06/09/2023 4:48:22 PM","40.10"
"06/09/2023 4:48:17 PM","41.00"
"06/09/2023 4:48:10 PM","40.10"
"06/09/2023 4:48:04 PM","41.00"
"06/09/2023 4:47:58 PM","40.10"
"06/09/2023 4:44:16 PM","41.00"
"06/09/2023 4:43:22 PM","41.90"
"06/09/2023 4:34:16 PM","41.90"
"06/09/2023 4:29:52 PM","41.00"
"06/09/2023 4:29:40 PM","41.90"
"06/09/2023 4:29:34 PM","41.00"
"06/09/2023 4:23:52 PM","41.90"
"06/09/2023 4:23:46 PM","41.00"
"06/09/2023 4:23:40 PM","41.90"
"06/09/2023 4:14:27 PM","41.00"
"06/09/2023 4:14:15 PM","41.90"
"06/09/2023 4:14:09 PM","41.00"
"06/09/2023 4:05:33 PM","41.90"
"06/09/2023 4:00:21 PM","41.00"
"06/09/2023 4:00:09 PM","41.90"
"06/09/2023 4:00:03 PM","41.00"
"06/09/2023 3:56:19 PM","41.90"
"06/09/2023 3:54:39 PM","41.90"
"06/09/2023 3:45:21 PM","41.00"
"06/09/2023 3:44:21 PM","41.90"
"06/09/2023 3:44:15 PM","41.00"
"06/09/2023 3:43:39 PM","41.90"
"06/09/2023 3:38:09 PM","41.00"
"06/09/2023 3:33:15 PM","40.10"
"06/09/2023 3:28:51 PM","41.00"
"06/09/2023 3:25:15 PM","41.90"
"06/09/2023 3:21:21 PM","42.80"
"06/09/2023 3:20:51 PM","41.90"
"06/09/2023 3:20:45 PM","42.80"
"06/09/2023 3:20:39 PM","41.90"
"06/09/2023 3:20:33 PM","42.80"
"06/09/2023 3:13:51 PM","41.90"
"06/09/2023 3:13:45 PM","41.00"
"06/09/2023 3:13:39 PM","41.90"
"06/09/2023 3:08:39 PM","41.00"
"06/09/2023 3:08:15 PM","40.10"
"06/09/2023 3:08:09 PM","41.00"
"06/09/2023 3:04:15 PM","40.10"
"06/09/2023 3:00:33 PM","39.20"
"06/09/2023 2:56:27 PM","40.10"
"06/09/2023 2:53:09 PM","41.00"
"06/09/2023 2:53:03 PM","41.90"
"06/09/2023 2:52:57 PM","41.00"
"06/09/2023 2:52:27 PM","41.90"
"06/09/2023 2:48:51 PM","41.00"
"06/09/2023 2:48:45 PM","41.90"
"06/09/2023 2:48:39 PM","41.00"
"06/09/2023 2:42:27 PM","41.90"
"06/09/2023 2:42:21 PM","41.00"
"06/09/2023 2:42:09 PM","41.90"
"06/09/2023 2:33:27 PM","41.00"
"06/09/2023 2:32:33 PM","41.90"
"06/09/2023 2:32:27 PM","41.00"
"06/09/2023 2:32:09 PM","41.90"
"06/09/2023 2:26:57 PM","41.00"
"06/09/2023 2:21:34 PM","40.10"
"06/09/2023 2:21:23 PM","41.00"
"06/09/2023 2:21:09 PM","40.10"
"06/09/2023 2:20:58 PM","41.00"
"06/09/2023 2:20:51 PM","40.10"
"06/09/2023 2:16:34 PM","41.00"
"06/09/2023 2:09:10 PM","41.90"
"06/09/2023 2:08:58 PM","41.00"
"06/09/2023 2:08:46 PM","41.90"
"06/09/2023 2:01:40 PM","41.00"
"06/09/2023 2:01:34 PM","41.90"
"06/09/2023 2:01:28 PM","41.00"
"06/09/2023 1:59:28 PM","41.90"
"06/09/2023 1:59:22 PM","41.00"
"06/09/2023 1:59:16 PM","41.90"
"06/09/2023 1:56:20 PM","41.00"
"06/09/2023 1:54:16 PM","41.00"
"06/09/2023 1:48:34 PM","40.10"
"06/09/2023 1:48:28 PM","41.00"
"06/09/2023 1:48:16 PM","40.10"
"06/09/2023 1:44:04 PM","41.00"
"06/09/2023 1:40:04 PM","41.90"
"06/09/2023 1:32:58 PM","42.80"
"06/09/2023 1:32:52 PM","41.90"
"06/09/2023 1:32:46 PM","42.80"
"06/09/2023 1:25:28 PM","41.90"
"06/09/2023 1:25:22 PM","41.00"
"06/09/2023 1:25:04 PM","41.90"
"06/09/2023 1:24:52 PM","41.00"
"06/09/2023 1:24:46 PM","41.90"
"06/09/2023 1:19:40 PM","41.00"
"06/09/2023 1:15:16 PM","40.10"
"06/09/2023 1:15:10 PM","41.00"
"06/09/2023 1:15:04 PM","40.10"
"06/09/2023 1:10:28 PM","41.00"
"06/09/2023 1:02:22 PM","41.90"
"06/09/2023 12:55:58 PM","41.00"
"06/09/2023 12:52:46 PM","41.90"
"06/09/2023 12:47:22 PM","41.00"
"06/09/2023 12:46:58 PM","40.10"
"06/09/2023 12:46:52 PM","41.00"
"06/09/2023 12:43:59 PM","40.10"
"06/09/2023 12:39:40 PM","41.00"
"06/09/2023 12:32:34 PM","41.90"
"06/09/2023 12:32:22 PM","41.00"
"06/09/2023 12:32:16 PM","41.90"
"06/09/2023 12:24:58 PM","41.00"
"06/09/2023 12:22:10 PM","41.90"
"06/09/2023 12:16:53 PM","41.00"
"06/09/2023 12:13:11 PM","40.10"
"06/09/2023 12:09:11 PM","41.00"
"06/09/2023 12:09:05 PM","41.90"
"06/09/2023 12:08:59 PM","41.00"
"06/09/2023 12:04:41 PM","41.90"
"06/09/2023 12:02:29 PM","42.80"
"06/09/2023 11:56:21 AM","41.90"
"06/09/2023 11:55:23 AM","41.90"
"06/09/2023 11:55:17 AM","41.00"
"06/09/2023 11:55:05 AM","41.90"
"06/09/2023 11:49:59 AM","41.00"
"06/09/2023 11:49:47 AM","40.10"
"06/09/2023 11:49:41 AM","41.00"
"06/09/2023 11:46:47 AM","40.10"
"06/09/2023 11:42:17 AM","41.00"
"06/09/2023 11:35:35 AM","41.90"
"06/09/2023 11:30:23 AM","41.00"
"06/09/2023 11:26:53 AM","40.10"
"06/09/2023 11:22:29 AM","41.00"
"06/09/2023 11:22:23 AM","41.90"
"06/09/2023 11:22:11 AM","41.00"
"06/09/2023 11:18:17 AM","41.90"
"06/09/2023 11:18:11 AM","42.80"
"06/09/2023 11:18:05 AM","41.90"
"06/09/2023 11:12:23 AM","42.80"
"06/09/2023 11:12:17 AM","41.90"
"06/09/2023 11:12:05 AM","42.80"
"06/09/2023 11:11:59 AM","41.90"
"06/09/2023 11:11:53 AM","42.80"
"06/09/2023 11:11:47 AM","41.90"
"06/09/2023 11:11:41 AM","42.80"
"06/09/2023 11:04:53 AM","41.90"
"06/09/2023 11:04:47 AM","41.00"
"06/09/2023 11:04:35 AM","41.90"
"06/09/2023 10:59:23 AM","41.00"
"06/09/2023 10:59:05 AM","40.10"
"06/09/2023 10:58:59 AM","41.00"
"06/09/2023 10:57:35 AM","40.10"
"06/09/2023 10:53:11 AM","41.00"
"06/09/2023 10:53:05 AM","41.90"
"06/09/2023 10:52:59 AM","41.00"
"06/09/2023 10:44:47 AM","41.90"
"06/09/2023 10:38:35 AM","41.00"
"06/09/2023 10:38:23 AM","41.90"
"06/09/2023 10:38:11 AM","41.00"
"06/09/2023 10:34:17 AM","41.90"
"06/09/2023 10:28:47 AM","41.00"
"06/09/2023 10:28:41 AM","40.10"
"06/09/2023 10:28:35 AM","41.00"
"06/09/2023 10:27:35 AM","40.10"
"06/09/2023 10:27:29 AM","41.00"
"06/09/2023 10:27:23 AM","40.10"
"06/09/2023 10:23:29 AM","41.00"
"06/09/2023 10:23:17 AM","41.90"
"06/09/2023 10:23:11 AM","41.00"
"06/09/2023 10:16:23 AM","41.90"
"06/09/2023 10:08:35 AM","41.00"
"06/09/2023 10:02:11 AM","41.90"
"06/09/2023 9:56:21 AM","41.00"
"06/09/2023 9:53:17 AM","41.00"
"06/09/2023 9:43:41 AM","41.90"
"06/09/2023 9:39:41 AM","41.00"
"06/09/2023 9:39:29 AM","41.90"
"06/09/2023 9:39:11 AM","41.00"
"06/09/2023 9:32:11 AM","41.90"
"06/09/2023 9:32:05 AM","41.00"
"06/09/2023 9:31:59 AM","41.90"
"06/09/2023 9:25:11 AM","41.00"
"06/09/2023 9:25:05 AM","41.90"
"06/09/2023 9:24:53 AM","41.00"
"06/09/2023 9:15:35 AM","41.90"
"06/09/2023 9:15:29 AM","41.00"
"06/09/2023 9:15:17 AM","41.90"
"06/09/2023 9:07:05 AM","41.00"
"06/09/2023 9:02:47 AM","41.90"
"06/09/2023 9:02:41 AM","41.00"
"06/09/2023 9:02:23 AM","41.90"
"06/09/2023 9:02:11 AM","41.00"
"06/09/2023 9:01:59 AM","41.90"
"06/09/2023 8:56:17 AM","41.00"
"06/09/2023 8:56:11 AM","40.10"
"06/09/2023 8:52:23 AM","41.00"
"06/09/2023 8:52:11 AM","41.90"
"06/09/2023 8:52:05 AM","41.00"
"06/09/2023 8:51:59 AM","41.90"
"06/09/2023 8:46:35 AM","41.00"
"06/09/2023 8:46:29 AM","40.10"
"06/09/2023 8:46:17 AM","41.00"
"06/09/2023 8:38:53 AM","40.10"
"06/09/2023 8:34:53 AM","41.00"
"06/09/2023 8:31:29 AM","41.90"
"06/09/2023 8:31:23 AM","42.80"
"06/09/2023 8:31:11 AM","41.90"
"06/09/2023 8:30:11 AM","42.80"
"06/09/2023 8:29:29 AM","41.90"
"06/09/2023 8:29:17 AM","42.80"
"06/09/2023 8:29:11 AM","41.90"
"06/09/2023 8:26:41 AM","42.80"
"06/09/2023 8:26:35 AM","41.90"
"06/09/2023 8:26:23 AM","42.80"
"06/09/2023 8:19:29 AM","41.90"
"06/09/2023 8:19:05 AM","41.00"
"06/09/2023 8:18:59 AM","41.90"
"06/09/2023 8:18:41 AM","41.00"
"06/09/2023 8:18:35 AM","41.90"
"06/09/2023 8:13:47 AM","41.00"
"06/09/2023 8:13:41 AM","40.10"
"06/09/2023 8:13:35 AM","41.00"
"06/09/2023 8:09:35 AM","40.10"
"06/09/2023 8:09:29 AM","41.00"
"06/09/2023 8:09:23 AM","40.10"
"06/09/2023 8:05:23 AM","41.00"
"06/09/2023 8:04:59 AM","41.90"
"06/09/2023 8:04:53 AM","41.00"
"06/09/2023 8:00:35 AM","41.90"
"06/09/2023 8:00:29 AM","41.00"
"06/09/2023 8:00:11 AM","41.90"
"06/09/2023 7:59:23 AM","41.00"
"06/09/2023 7:56:21 AM","41.00"
"06/09/2023 7:50:17 AM","41.00"
"06/09/2023 7:50:11 AM","41.90"
"06/09/2023 7:44:23 AM","41.00"
"06/09/2023 7:34:41 AM","40.10"
"06/09/2023 7:34:35 AM","41.00"
"06/09/2023 7:34:29 AM","40.10"
"06/09/2023 7:30:23 AM","41.00"
"06/09/2023 7:26:11 AM","41.90"
"06/09/2023 7:26:05 AM","42.80"
"06/09/2023 7:25:53 AM","41.90"
"06/09/2023 7:23:35 AM","42.80"
"06/09/2023 7:23:23 AM","41.90"
"06/09/2023 7:23:11 AM","42.80"
"06/09/2023 7:22:59 AM","41.90"
"06/09/2023 7:22:47 AM","42.80"
"06/09/2023 7:15:17 AM","41.90"
"06/09/2023 7:14:17 AM","41.00"
"06/09/2023 7:08:17 AM","41.90"
"06/09/2023 6:59:47 AM","41.00"
"06/09/2023 6:53:17 AM","41.90"
"06/09/2023 6:45:29 AM","41.00"
"06/09/2023 6:42:11 AM","41.90"
"06/09/2023 6:42:05 AM","41.00"
"06/09/2023 6:41:59 AM","41.90"
"06/09/2023 6:36:59 AM","41.00"
"06/09/2023 6:33:53 AM","40.10"
"06/09/2023 6:33:48 AM","41.00"
"06/09/2023 6:33:41 AM","40.10"
"06/09/2023 6:29:30 AM","41.00"
"06/09/2023 6:25:42 AM","41.90"
"06/09/2023 6:25:36 AM","42.80"
"06/09/2023 6:17:54 AM","41.90"
"06/09/2023 6:13:00 AM","41.00"
"06/09/2023 6:12:42 AM","40.10"
"06/09/2023 6:12:36 AM","41.00"
"06/09/2023 6:09:06 AM","40.10"
"06/09/2023 6:05:06 AM","41.00"
"06/09/2023 5:56:22 AM","41.90"
"06/09/2023 5:55:24 AM","41.90"
"06/09/2023 5:51:24 AM","41.00"
"06/09/2023 5:51:18 AM","41.90"
"06/09/2023 5:51:12 AM","41.00"
"06/09/2023 5:44:06 AM","41.90"
"06/09/2023 5:44:00 AM","41.00"
"06/09/2023 5:43:48 AM","41.90"
"06/09/2023 5:43:42 AM","41.00"
"06/09/2023 5:43:30 AM","41.90"
"06/09/2023 5:37:18 AM","41.00"
"06/09/2023 5:37:12 AM","41.90"
"06/09/2023 5:37:06 AM","41.00"
"06/09/2023 5:32:30 AM","41.90"
"06/09/2023 5:32:18 AM","41.00"
"06/09/2023 5:32:06 AM","41.90"
"06/09/2023 5:26:48 AM","41.00"
"06/09/2023 5:26:36 AM","40.10"
"06/09/2023 5:22:30 AM","41.00"
"06/09/2023 5:16:18 AM","41.90"
"06/09/2023 5:16:06 AM","41.00"
"06/09/2023 5:15:54 AM","41.90"
"06/09/2023 5:15:48 AM","41.00"
"06/09/2023 5:15:36 AM","41.90"
"06/09/2023 5:08:00 AM","41.00"
"06/09/2023 5:05:18 AM","41.90"
"06/09/2023 5:05:12 AM","41.00"
"06/09/2023 5:05:06 AM","41.90"
"06/09/2023 4:59:48 AM","41.00"
"06/09/2023 4:59:30 AM","40.10"
"06/09/2023 4:59:24 AM","41.00"
"06/09/2023 4:56:48 AM","40.10"
"06/09/2023 4:52:48 AM","41.00"
"06/09/2023 4:52:36 AM","41.90"
"06/09/2023 4:52:30 AM","41.00"
"06/09/2023 4:45:30 AM","41.90"
"06/09/2023 4:38:48 AM","41.00"
"06/09/2023 4:38:30 AM","41.90"
"06/09/2023 4:38:24 AM","41.00"
"06/09/2023 4:34:54 AM","41.90"
"06/09/2023 4:34:48 AM","41.00"
"06/09/2023 4:34:36 AM","41.90"
"06/09/2023 4:29:18 AM","41.00"
"06/09/2023 4:27:06 AM","40.10"
"06/09/2023 4:23:36 AM","41.00"
"06/09/2023 4:17:00 AM","41.90"
"06/09/2023 4:16:54 AM","41.00"
"06/09/2023 4:16:48 AM","41.90"
"06/09/2023 4:08:54 AM","41.00"
"06/09/2023 4:06:24 AM","41.90"
"06/09/2023 4:01:06 AM","41.00"
"06/09/2023 4:00:54 AM","40.10"
"06/09/2023 4:00:48 AM","41.00"
"06/09/2023 4:00:42 AM","40.10"
"06/09/2023 4:00:36 AM","41.00"
"06/09/2023 3:57:12 AM","40.10"
"06/09/2023 3:56:22 AM","41.00"
"06/09/2023 3:52:54 AM","41.00"
"06/09/2023 3:49:12 AM","41.90"
"06/09/2023 3:49:06 AM","42.80"
"06/09/2023 3:49:00 AM","41.90"
"06/09/2023 3:48:54 AM","42.80"
"06/09/2023 3:48:48 AM","41.90"
"06/09/2023 3:45:24 AM","42.80"
"06/09/2023 3:38:18 AM","41.90"
"06/09/2023 3:38:12 AM","41.00"
"06/09/2023 3:38:06 AM","41.90"
"06/09/2023 3:38:00 AM","41.00"
"06/09/2023 3:37:54 AM","41.90"
"06/09/2023 3:32:42 AM","41.00"
"06/09/2023 3:32:36 AM","40.10"
"06/09/2023 3:32:30 AM","41.00"
"06/09/2023 3:30:48 AM","40.10"
"06/09/2023 3:30:36 AM","41.00"
"06/09/2023 3:30:30 AM","40.10"
"06/09/2023 3:30:24 AM","41.00"
"06/09/2023 3:30:18 AM","40.10"
"06/09/2023 3:26:30 AM","41.00"
"06/09/2023 3:26:24 AM","41.90"
"06/09/2023 3:26:18 AM","41.00"
"06/09/2023 3:25:24 AM","41.90"
"06/09/2023 3:16:06 AM","41.90"
"06/09/2023 3:16:00 AM","41.00"
"06/09/2023 3:15:55 AM","41.90"
"06/09/2023 3:10:30 AM","41.00"
"06/09/2023 3:07:36 AM","40.10"
"06/09/2023 3:03:42 AM","41.00"
"06/09/2023 3:03:36 AM","41.90"
"06/09/2023 3:03:30 AM","41.00"
"06/09/2023 2:56:36 AM","41.90"
"06/09/2023 2:56:24 AM","41.00"
"06/09/2023 2:56:18 AM","41.90"
"06/09/2023 2:49:12 AM","41.00"
"06/09/2023 2:49:06 AM","41.90"
"06/09/2023 2:49:00 AM","41.00"
"06/09/2023 2:45:36 AM","41.90"
"06/09/2023 2:40:24 AM","41.00"
"06/09/2023 2:40:12 AM","40.10"
"06/09/2023 2:40:06 AM","41.00"
"06/09/2023 2:37:36 AM","40.10"
"06/09/2023 2:33:48 AM","41.00"
"06/09/2023 2:33:42 AM","41.90"
"06/09/2023 2:33:30 AM","41.00"
"06/09/2023 2:28:00 AM","41.90"
"06/09/2023 2:27:54 AM","41.00"
"06/09/2023 2:27:48 AM","41.90"
"06/09/2023 2:27:42 AM","41.00"
"06/09/2023 2:27:30 AM","41.90"
"06/09/2023 2:19:24 AM","41.00"
"06/09/2023 2:16:24 AM","41.90"
"06/09/2023 2:11:36 AM","41.00"
"06/09/2023 2:11:30 AM","40.10"
"06/09/2023 2:11:24 AM","41.00"
"06/09/2023 2:07:30 AM","40.10"
"06/09/2023 2:07:24 AM","41.00"
"06/09/2023 2:07:18 AM","40.10"
"06/09/2023 2:03:18 AM","41.00"
"06/09/2023 1:56:48 AM","41.90"
"06/09/2023 1:56:23 AM","41.00"
"06/09/2023 1:49:06 AM","41.00"
"06/09/2023 1:49:00 AM","41.90"
"06/09/2023 1:48:54 AM","41.00"
"06/09/2023 1:46:12 AM","41.90"
"06/09/2023 1:46:06 AM","41.00"
"06/09/2023 1:45:54 AM","41.90"
"06/09/2023 1:45:36 AM","41.00"
"06/09/2023 1:45:30 AM","41.90"
"06/09/2023 1:40:48 AM","41.00"
"06/09/2023 1:37:30 AM","40.10"
"06/09/2023 1:37:24 AM","41.00"
"06/09/2023 1:37:18 AM","40.10"
"06/09/2023 1:33:06 AM","41.00"
"06/09/2023 1:26:42 AM","41.90"
"06/09/2023 1:26:36 AM","41.00"
"06/09/2023 1:26:18 AM","41.90"
"06/09/2023 1:26:06 AM","41.00"
"06/09/2023 1:26:00 AM","41.90"
"06/09/2023 1:18:37 AM","41.00"
"06/09/2023 1:18:31 AM","41.90"
"06/09/2023 1:18:25 AM","41.00"
"06/09/2023 1:15:49 AM","41.90"
"06/09/2023 1:15:43 AM","41.00"
"06/09/2023 1:15:25 AM","41.90"
"06/09/2023 1:10:01 AM","41.00"
"06/09/2023 1:07:18 AM","40.10"
"06/09/2023 1:02:48 AM","41.00"
"06/09/2023 12:57:06 AM","41.90"
"06/09/2023 12:57:00 AM","41.00"
"06/09/2023 12:56:36 AM","41.90"
"06/09/2023 12:56:30 AM","41.00"
"06/09/2023 12:56:24 AM","41.90"
"06/09/2023 12:48:30 AM","41.00"
"06/09/2023 12:48:12 AM","41.90"
"06/09/2023 12:48:06 AM","41.00"
"06/09/2023 12:46:12 AM","41.90"
"06/09/2023 12:46:06 AM","41.00"
"06/09/2023 12:45:48 AM","41.90"
"06/09/2023 12:40:36 AM","41.00"
"06/09/2023 12:36:30 AM","40.10"
"06/09/2023 12:36:24 AM","41.00"
"06/09/2023 12:36:18 AM","40.10"
"06/09/2023 12:36:12 AM","41.00"
"06/09/2023 12:35:54 AM","40.10"
"06/09/2023 12:32:24 AM","41.00"
"06/09/2023 12:25:54 AM","41.90"
"06/09/2023 12:25:48 AM","41.00"
"06/09/2023 12:25:36 AM","41.90"
"06/09/2023 12:17:48 AM","41.00"
"06/09/2023 12:17:42 AM","41.90"
"06/09/2023 12:17:36 AM","41.00"
"06/09/2023 12:14:36 AM","41.90"
"06/09/2023 12:09:30 AM","41.00"
"06/09/2023 12:06:31 AM","40.10"
"06/09/2023 12:06:25 AM","41.00"
"06/09/2023 12:06:01 AM","40.10"
"06/09/2023 12:01:49 AM","41.00"
"06/08/2023 11:59:19 PM","41.90"
"06/08/2023 11:59:01 PM","41.00"
"06/08/2023 11:58:55 PM","41.90"
"06/08/2023 11:56:24 PM","41.00"
"06/08/2023 11:54:01 PM","41.00"
"06/08/2023 11:48:31 PM","40.10"
"06/08/2023 11:48:19 PM","41.00"
"06/08/2023 11:48:14 PM","40.10"
"06/08/2023 11:43:55 PM","41.00"
"06/08/2023 11:38:13 PM","41.90"
"06/08/2023 11:38:08 PM","41.00"
"06/08/2023 11:38:01 PM","41.90"
"06/08/2023 11:29:38 PM","41.00"
"06/08/2023 11:29:32 PM","41.90"
"06/08/2023 11:29:26 PM","41.00"
"06/08/2023 11:28:02 PM","41.90"
"06/08/2023 11:27:56 PM","41.00"
"06/08/2023 11:27:44 PM","41.90"
"06/08/2023 11:27:38 PM","41.00"
"06/08/2023 11:27:32 PM","41.90"
"06/08/2023 11:27:26 PM","41.00"
"06/08/2023 11:27:20 PM","41.90"
"06/08/2023 11:22:08 PM","41.00"
"06/08/2023 11:17:08 PM","40.10"
"06/08/2023 11:13:08 PM","41.00"
"06/08/2023 11:13:02 PM","41.90"
"06/08/2023 11:12:50 PM","41.00"
"06/08/2023 11:08:50 PM","41.90"
"06/08/2023 11:08:32 PM","42.80"
"06/08/2023 11:08:26 PM","41.90"
"06/08/2023 11:08:20 PM","42.80"
"06/08/2023 11:00:55 PM","41.90"
"06/08/2023 11:00:49 PM","41.00"
"06/08/2023 11:00:43 PM","41.90"
"06/08/2023 11:00:31 PM","41.00"
"06/08/2023 11:00:25 PM","41.90"
"06/08/2023 10:55:31 PM","41.00"
"06/08/2023 10:50:49 PM","40.10"
"06/08/2023 10:46:19 PM","41.00"
"06/08/2023 10:40:19 PM","41.90"
"06/08/2023 10:40:13 PM","41.00"
"06/08/2023 10:39:49 PM","41.90"
"06/08/2023 10:39:37 PM","41.00"
"06/08/2023 10:39:31 PM","41.90"
"06/08/2023 10:31:55 PM","41.00"
"06/08/2023 10:31:49 PM","41.90"
"06/08/2023 10:31:43 PM","41.00"
"06/08/2023 10:29:49 PM","41.90"
"06/08/2023 10:29:43 PM","41.00"
"06/08/2023 10:29:37 PM","41.90"
"06/08/2023 10:29:31 PM","41.00"
"06/08/2023 10:29:19 PM","41.90"
"06/08/2023 10:24:25 PM","41.00"
"06/08/2023 10:24:19 PM","40.10"
"06/08/2023 10:24:07 PM","41.00"
"06/08/2023 10:18:31 PM","40.10"
"06/08/2023 10:18:19 PM","41.00"
"06/08/2023 10:18:13 PM","40.10"
"06/08/2023 10:14:49 PM","41.00"
"06/08/2023 10:14:44 PM","41.90"
"06/08/2023 10:14:13 PM","41.00"
"06/08/2023 10:08:49 PM","41.90"
"06/08/2023 10:08:43 PM","41.00"
"06/08/2023 10:08:37 PM","41.90"
"06/08/2023 10:08:31 PM","41.00"
"06/08/2023 10:08:25 PM","41.90"
"06/08/2023 10:08:19 PM","41.00"
"06/08/2023 10:08:13 PM","41.90"
"06/08/2023 9:59:37 PM","41.00"
"06/08/2023 9:58:25 PM","41.90"
"06/08/2023 9:58:13 PM","41.00"
"06/08/2023 9:57:55 PM","41.90"
"06/08/2023 9:56:24 PM","41.00"
"06/08/2023 9:52:55 PM","41.00"
"06/08/2023 9:47:49 PM","40.10"
"06/08/2023 9:47:43 PM","41.00"
"06/08/2023 9:47:31 PM","40.10"
"06/08/2023 9:47:19 PM","41.00"
"06/08/2023 9:47:13 PM","40.10"
"06/08/2023 9:43:07 PM","41.00"
"06/08/2023 9:36:01 PM","41.90"
"06/08/2023 9:28:37 PM","41.00"
"06/08/2023 9:25:37 PM","41.90"
"06/08/2023 9:25:31 PM","41.00"
"06/08/2023 9:25:25 PM","41.90"
"06/08/2023 9:20:25 PM","41.00"
"06/08/2023 9:20:07 PM","40.10"
"06/08/2023 9:20:01 PM","41.00"
"06/08/2023 9:14:49 PM","40.10"
"06/08/2023 9:10:43 PM","41.00"
"06/08/2023 9:09:26 PM","41.90"
"06/08/2023 9:00:20 PM","41.90"
"06/08/2023 9:00:14 PM","41.00"
"06/08/2023 8:59:26 PM","41.90"
"06/08/2023 8:59:20 PM","41.00"
"06/08/2023 8:59:14 PM","41.90"
"06/08/2023 8:54:02 PM","41.00"
"06/08/2023 8:53:56 PM","40.10"
"06/08/2023 8:53:50 PM","41.00"
"06/08/2023 8:49:14 PM","40.10"
"06/08/2023 8:44:56 PM","41.00"
"06/08/2023 8:38:08 PM","41.90"
"06/08/2023 8:37:56 PM","41.00"
"06/08/2023 8:37:50 PM","41.90"
"06/08/2023 8:30:50 PM","41.00"
"06/08/2023 8:30:44 PM","41.90"
"06/08/2023 8:30:38 PM","41.00"
"06/08/2023 8:27:44 PM","41.90"
"06/08/2023 8:27:14 PM","41.00"
"06/08/2023 8:27:02 PM","41.90"
"06/08/2023 8:22:20 PM","41.00"
"06/08/2023 8:18:44 PM","40.10"
"06/08/2023 8:14:50 PM","41.00"
"06/08/2023 8:14:44 PM","41.90"
"06/08/2023 8:14:38 PM","41.00"
"06/08/2023 8:07:14 PM","41.90"
"06/08/2023 8:07:02 PM","41.00"
"06/08/2023 8:06:56 PM","41.90"
"06/08/2023 8:06:50 PM","41.00"
"06/08/2023 8:06:44 PM","41.90"
"06/08/2023 8:00:38 PM","41.00"
"06/08/2023 7:56:25 PM","41.90"
"06/08/2023 7:55:38 PM","41.90"
"06/08/2023 7:55:32 PM","41.00"
"06/08/2023 7:55:20 PM","41.90"
"06/08/2023 7:46:08 PM","41.00"
"06/08/2023 7:46:02 PM","41.90"
"06/08/2023 7:45:44 PM","41.00"
"06/08/2023 7:45:26 PM","41.90"
"06/08/2023 7:45:20 PM","41.00"
"06/08/2023 7:45:08 PM","41.90"
"06/08/2023 7:39:56 PM","41.00"
"06/08/2023 7:39:50 PM","40.10"
"06/08/2023 7:39:44 PM","41.00"
"06/08/2023 7:39:38 PM","40.10"
"06/08/2023 7:39:26 PM","41.00"
"06/08/2023 7:33:14 PM","40.10"
"06/08/2023 7:29:20 PM","41.00"
"06/08/2023 7:23:50 PM","41.90"
"06/08/2023 7:23:44 PM","41.00"
"06/08/2023 7:23:26 PM","41.90"
"06/08/2023 7:14:26 PM","41.00"
"06/08/2023 7:14:20 PM","41.90"
"06/08/2023 7:14:08 PM","41.00"
"06/08/2023 7:12:56 PM","41.90"
"06/08/2023 7:07:44 PM","41.00"
"06/08/2023 7:02:02 PM","40.10"
"06/08/2023 6:57:25 PM","41.00"
"06/08/2023 6:57:19 PM","41.90"
"06/08/2023 6:57:13 PM","41.00"
"06/08/2023 6:51:07 PM","41.90"
"06/08/2023 6:51:01 PM","41.00"
"06/08/2023 6:50:49 PM","41.90"
"06/08/2023 6:42:38 PM","41.00"
"06/08/2023 6:42:26 PM","41.90"
"06/08/2023 6:42:20 PM","41.00"
"06/08/2023 6:40:32 PM","41.90"
"06/08/2023 6:35:38 PM","41.00"
"06/08/2023 6:35:32 PM","40.10"
"06/08/2023 6:35:26 PM","41.00"
"06/08/2023 6:30:50 PM","40.10"
"06/08/2023 6:30:38 PM","41.00"
"06/08/2023 6:30:32 PM","40.10"
"06/08/2023 6:26:26 PM","41.00"
"06/08/2023 6:26:20 PM","41.90"
"06/08/2023 6:26:14 PM","41.00"
"06/08/2023 6:26:02 PM","41.90"
"06/08/2023 6:25:56 PM","41.00"
"06/08/2023 6:19:44 PM","41.90"
"06/08/2023 6:12:02 PM","41.00"
"06/08/2023 6:11:56 PM","41.90"
"06/08/2023 6:11:50 PM","41.00"
"06/08/2023 6:11:44 PM","41.90"
"06/08/2023 6:11:38 PM","41.00"
"06/08/2023 6:09:08 PM","41.90"
"06/08/2023 6:09:02 PM","41.00"
"06/08/2023 6:08:50 PM","41.90"
"06/08/2023 6:03:56 PM","41.00"
"06/08/2023 6:03:50 PM","40.10"
"06/08/2023 6:03:32 PM","41.00"
"06/08/2023 6:00:20 PM","40.10"
"06/08/2023 6:00:14 PM","41.00"
"06/08/2023 6:00:08 PM","40.10"
"06/08/2023 5:56:25 PM","41.00"
"06/08/2023 5:56:02 PM","41.00"
"06/08/2023 5:48:50 PM","41.90"
"06/08/2023 5:48:44 PM","41.00"
"06/08/2023 5:48:38 PM","41.90"
"06/08/2023 5:48:14 PM","41.00"
"06/08/2023 5:48:08 PM","41.90"
"06/08/2023 5:42:02 PM","41.00"
"06/08/2023 5:41:56 PM","41.90"
"06/08/2023 5:41:50 PM","41.00"
"06/08/2023 5:36:20 PM","41.90"
"06/08/2023 5:28:02 PM","41.00"
"06/08/2023 5:27:56 PM","41.90"
"06/08/2023 5:27:44 PM","41.00"
"06/08/2023 5:27:32 PM","41.90"
"06/08/2023 5:27:26 PM","41.00"
"06/08/2023 5:26:20 PM","41.90"
"06/08/2023 5:26:08 PM","41.00"
"06/08/2023 5:26:02 PM","41.90"
"06/08/2023 5:21:08 PM","41.00"
"06/08/2023 5:15:32 PM","40.10"
"06/08/2023 5:15:26 PM","41.00"
"06/08/2023 5:15:20 PM","40.10"
"06/08/2023 5:11:08 PM","41.00"
"06/08/2023 5:11:02 PM","41.90"
"06/08/2023 5:10:56 PM","41.00"
"06/08/2023 5:03:44 PM","41.90"
"06/08/2023 4:56:08 PM","41.00"
"06/08/2023 4:53:44 PM","41.90"
"06/08/2023 4:53:38 PM","41.00"
"06/08/2023 4:53:20 PM","41.90"
"06/08/2023 4:53:14 PM","41.00"
"06/08/2023 4:53:08 PM","41.90"
"06/08/2023 4:48:08 PM","41.00"
"06/08/2023 4:44:26 PM","40.10"
"06/08/2023 4:44:08 PM","41.00"
"06/08/2023 4:44:02 PM","40.10"
"06/08/2023 4:40:14 PM","41.00"
"06/08/2023 4:32:56 PM","41.90"
"06/08/2023 4:25:38 PM","41.00"
"06/08/2023 4:22:08 PM","41.90"
"06/08/2023 4:22:02 PM","41.00"
"06/08/2023 4:21:56 PM","41.90"
"06/08/2023 4:16:44 PM","41.00"
"06/08/2023 4:14:38 PM","40.10"
"06/08/2023 4:14:26 PM","41.00"
"06/08/2023 4:14:14 PM","40.10"
"06/08/2023 4:10:20 PM","41.00"
"06/08/2023 4:04:20 PM","41.90"
"06/08/2023 4:04:02 PM","41.00"
"06/08/2023 4:03:56 PM","41.90"
"06/08/2023 3:56:27 PM","41.00"
"06/08/2023 3:56:20 PM","41.00"
"06/08/2023 3:56:14 PM","41.90"
"06/08/2023 3:56:08 PM","41.00"
"06/08/2023 3:52:56 PM","41.90"
"06/08/2023 3:52:50 PM","41.00"
"06/08/2023 3:52:44 PM","41.90"
"06/08/2023 3:52:32 PM","41.00"
"06/08/2023 3:52:20 PM","41.90"
"06/08/2023 3:47:02 PM","41.00"
"06/08/2023 3:39:44 PM","40.10"
"06/08/2023 3:39:38 PM","41.00"
"06/08/2023 3:39:32 PM","40.10"
"06/08/2023 3:39:20 PM","41.00"
"06/08/2023 3:39:14 PM","40.10"
"06/08/2023 3:35:20 PM","41.00"
"06/08/2023 3:30:26 PM","41.90"
"06/08/2023 3:25:08 PM","41.00"
"06/08/2023 3:25:03 PM","40.10"
"06/08/2023 3:24:56 PM","41.00"
"06/08/2023 3:24:14 PM","40.10"
"06/08/2023 3:24:02 PM","41.00"
"06/08/2023 3:23:56 PM","40.10"
"06/08/2023 3:15:26 PM","41.00"
"06/08/2023 3:07:02 PM","40.10"
"06/08/2023 3:06:50 PM","41.00"
"06/08/2023 3:06:38 PM","40.10"
"06/08/2023 3:02:08 PM","41.00"
"06/08/2023 3:01:56 PM","41.90"
"06/08/2023 3:01:50 PM","41.00"
"06/08/2023 2:58:51 PM","41.90"
"06/08/2023 2:58:45 PM","41.00"
"06/08/2023 2:58:39 PM","41.90"
"06/08/2023 2:58:33 PM","41.00"
"06/08/2023 2:58:27 PM","41.90"
"06/08/2023 2:53:33 PM","41.00"
"06/08/2023 2:53:15 PM","40.10"
"06/08/2023 2:53:03 PM","41.00"
"06/08/2023 2:48:03 PM","40.10"
"06/08/2023 2:43:15 PM","41.00"
"06/08/2023 2:43:09 PM","41.90"
"06/08/2023 2:43:03 PM","41.00"
"06/08/2023 2:36:15 PM","41.90"
"06/08/2023 2:36:09 PM","41.00"
"06/08/2023 2:35:57 PM","41.90"
"06/08/2023 2:35:51 PM","41.00"
"06/08/2023 2:35:45 PM","41.90"
"06/08/2023 2:28:21 PM","41.00"
"06/08/2023 2:25:39 PM","41.90"
"06/08/2023 2:25:21 PM","41.00"
"06/08/2023 2:25:15 PM","41.90"
"06/08/2023 2:20:27 PM","41.00"
"06/08/2023 2:20:15 PM","40.10"
"06/08/2023 2:20:09 PM","41.00"
"06/08/2023 2:16:45 PM","40.10"
"06/08/2023 2:12:21 PM","41.00"
"06/08/2023 2:06:21 PM","41.90"
"06/08/2023 2:06:15 PM","41.00"
"06/08/2023 2:06:09 PM","41.90"
"06/08/2023 1:57:57 PM","41.00"
"06/08/2023 1:57:51 PM","41.90"
"06/08/2023 1:57:47 PM","41.00"
"06/08/2023 1:56:27 PM","41.90"
"06/08/2023 1:56:03 PM","41.90"
"06/08/2023 1:55:57 PM","41.00"
"06/08/2023 1:05:15 PM","41.00"
"06/08/2023 1:00:27 PM","40.10"
"06/08/2023 12:56:30 PM","41.00"
"06/08/2023 12:41:46 PM","41.00"
"06/08/2023 12:41:34 PM","41.90"
"06/08/2023 12:41:28 PM","41.00"
"06/08/2023 12:39:40 PM","41.90"
"06/08/2023 12:34:28 PM","41.00"
"06/08/2023 12:34:21 PM","40.10"
"06/08/2023 12:34:15 PM","41.00"
"06/08/2023 12:30:09 PM","40.10"
"06/08/2023 12:30:05 PM","41.00"
"06/08/2023 12:29:57 PM","40.10"
"06/08/2023 12:27:13 PM","41.00"
"06/08/2023 12:26:21 PM","41.00"
"06/08/2023 12:25:46 PM","41.00"
"06/08/2023 12:25:33 PM","41.00"
"06/08/2023 12:25:05 PM","41.90"
"06/08/2023 9:43:51 AM","41.00"
"06/08/2023 9:42:15 AM","40.10"
"06/08/2023 9:42:09 AM","41.00"
"06/08/2023 9:42:04 AM","40.10"
"06/08/2023 9:35:39 AM","41.00"
"06/08/2023 9:32:03 AM","40.10"
"06/08/2023 9:29:09 AM","39.20"
"06/08/2023 9:29:05 AM","40.10"
"06/08/2023 9:28:57 AM","39.20"
"06/08/2023 9:24:10 AM","40.10"
"06/08/2023 9:19:45 AM","41.00"
"06/08/2023 9:19:39 AM","41.90"
"06/08/2023 9:19:33 AM","41.00"
"06/08/2023 9:18:33 AM","41.90"
"06/08/2023 9:18:27 AM","41.00"
"06/08/2023 9:18:21 AM","41.90"
"06/08/2023 9:12:57 AM","41.00"
"06/08/2023 9:07:33 AM","40.10"
"06/08/2023 9:07:27 AM","41.00"
"06/08/2023 9:07:22 AM","40.10"
"06/08/2023 9:02:46 AM","41.00"
"06/08/2023 8:59:21 AM","41.90"
"06/08/2023 8:59:15 AM","41.00"
"06/08/2023 8:59:09 AM","41.90"
"06/08/2023 8:54:03 AM","41.00"
"06/08/2023 8:51:03 AM","40.10"
"06/08/2023 8:46:57 AM","41.00"
"06/08/2023 8:46:51 AM","41.90"
"06/08/2023 8:46:27 AM","41.00"
"06/08/2023 8:46:21 AM","41.90"
"06/08/2023 8:46:11 AM","41.00"
"06/08/2023 8:46:03 AM","41.90"
"06/08/2023 8:45:57 AM","41.00"
"06/08/2023 8:45:51 AM","41.90"
"06/08/2023 8:40:21 AM","41.00"
"06/08/2023 8:40:09 AM","40.10"
"06/08/2023 8:40:03 AM","41.00"
"06/08/2023 8:36:03 AM","40.10"
"06/08/2023 8:29:57 AM","41.00"
"06/08/2023 8:29:51 AM","40.10"
"06/08/2023 8:29:45 AM","41.00"
"06/08/2023 8:25:51 AM","40.10"
"06/08/2023 8:25:45 AM","39.20"
"06/08/2023 8:25:33 AM","40.10"
"06/08/2023 8:23:27 AM","39.20"
"06/08/2023 8:23:21 AM","40.10"
"06/08/2023 8:23:09 AM","39.20"
"06/08/2023 8:23:03 AM","40.10"
"06/08/2023 8:23:00 AM","39.20"
"06/08/2023 8:19:09 AM","40.10"
"06/08/2023 8:15:03 AM","41.00"
"06/08/2023 8:10:51 AM","40.10"
"06/08/2023 8:03:21 AM","39.20"
"06/08/2023 7:59:51 AM","40.10"
"06/08/2023 7:57:57 AM","41.00"
"06/08/2023 7:56:39 AM","41.90"
"06/08/2023 7:55:27 AM","42.80"
"06/08/2023 7:54:39 AM","43.70"
"06/08/2023 7:53:57 AM","44.60"
"06/08/2023 7:53:27 AM","45.50"
"06/08/2023 7:52:57 AM","46.40"
"06/08/2023 7:52:27 AM","47.30"
"06/08/2023 7:52:09 AM","48.20"
"06/08/2023 7:51:45 AM","49.10"
"06/08/2023 7:51:21 AM","50.00"
"06/08/2023 7:51:09 AM","50.90"
"06/08/2023 7:50:51 AM","51.80"
"06/08/2023 7:50:39 AM","52.70"
"06/08/2023 7:50:21 AM","53.60"
"06/08/2023 7:50:09 AM","54.50"
"06/08/2023 7:49:58 AM","55.40"
"06/08/2023 7:49:45 AM","56.30"
"06/08/2023 7:49:33 AM","57.20"
"06/08/2023 7:49:21 AM","58.10"
"06/08/2023 7:49:09 AM","59.00"
"06/08/2023 7:49:03 AM","59.90"
"06/08/2023 7:48:51 AM","60.80"
"06/08/2023 7:48:45 AM","61.70"
"06/08/2023 7:48:33 AM","62.60"
"06/08/2023 7:48:27 AM","63.50"
"06/08/2023 7:48:21 AM","64.40"
"06/08/2023 7:48:09 AM","65.30"
"06/08/2023 7:48:03 AM","66.20"
"06/08/2023 7:47:57 AM","67.10"
"06/08/2023 7:47:51 AM","68.00"
"06/08/2023 7:47:39 AM","68.90"
"06/08/2023 7:47:33 AM","69.80"
"06/08/2023 7:47:27 AM","70.70"
"06/08/2023 7:47:15 AM","71.60"
"06/08/2023 7:47:09 AM","72.50"
"06/08/2023 7:46:33 AM","73.40"
"06/08/2023 7:46:27 AM","73.40"
"06/08/2023 7:45:57 AM","72.50"
"06/08/2023 7:45:51 AM","72.50"